종목코드,종목명
000020,동화약품
000030,우리은행
000050,경방
000060,메리츠화재
000070,삼양홀딩스
000080,하이트진로
000100,유한양행
000120,CJ대한통운
000140,하이트진로홀딩스
000150,두산
000210,DL
000230,일동홀딩스
000240,한국앤컴퍼니
000270,기아
000430,대원강업
000480,조선내화
000640,동아쏘시오홀딩스
000660,SK하이닉스
000670,영풍
000700,한진해운홀딩스
000720,현대건설
000810,삼성화재
000830,삼성물산
000880,한화
000990,DB하이텍
001040,CJ
001060,JW중외제약
001120,LX인터내셔널
001130,대한제분
001210,금호전기
001230,동국제강
001300,제일모직
001430,세아베스틸
001440,대한전선
001450,현대해상
001520,동양
001630,종근당
001680,대상
001740,SK네트웍스
001780,알루코
001790,대한제당
001800,오리온홀딩스
001940,KISCO홀딩스
002020,코오롱
002030,아세아시멘트
002240,고려제강
002270,롯데푸드
002300,한국제지
002350,넥센타이어
002380,KCC
002390,한독약품
002620,제일약품
002790,아모레G
002960,한국쉘석유
003000,부광약품
003030,세아제강
003090,대웅
003120,일성신약
003190,알앤엘바이오
003200,일신방직
003230,삼양식품
003240,태광산업
003300,한일홀딩스
003410,쌍용C&E
003450,현대증권
003480,한진중공업홀딩스
003490,대한항공
003520,영진약품
003550,LG
003570,S&T중공업
003600,SK
003620,쌍용차
003640,유니온스틸
003670,포스코케미칼
003850,보령
003920,남양유업
003940,삼양제넥스
004000,롯데정밀화학
004020,현대제철
004130,대덕GDS
004150,한솔홀딩스
004170,신세계
004370,농심
004430,송원산업
004490,세방전지
004700,조광피혁
004710,한솔테크닉스
004800,효성
004940,외환은행
004990,롯데지주
005090,삼광글라스
005180,빙그레
005250,녹십자홀딩스
005270,대구은행
005280,부산은행
005300,롯데칠성
005380,현대차
005440,현대그린푸드
005490,POSCO홀딩스
005500,삼진제약
005610,SPC삼립
005680,삼영전자
005690,파미셀
005740,크라운제과
005830,DB손해보험
005850,에스엘
005930,삼성전자
005940,NH투자증권
005950,이수화학
006040,동원산업
006120,SK디스커버리
006260,LS
006280,녹십자
006360,GS건설
006380,카프로
006390,한일현대시멘트
006400,삼성SDI
006650,대한유화
006800,미래에셋증권
006840,AK홀딩스
007070,GS리테일
007210,벽산
007310,오뚜기
007340,동아타이어
007570,일양약품
007690,국도화학
007700,F&F홀딩스
007810,코리아써키트
007860,서연
008000,도레이케미칼
008040,동아원
008060,대덕전자
008350,남선알미늄
008490,서흥
008560,메리츠증권
008730,율촌화학
008770,호텔신라
008930,한미사이언스
009150,삼성전기
009200,무림페이퍼
009240,한샘
009290,광동제약
009410,태영건설
009420,한올바이오파마
009540,한국조선해양
009580,무림P&P
009680,모토닉
009720,전기초자
009830,한화솔루션
009900,명신산업
010060,OCI
010120,LS ELECTRIC
010130,고려아연
010140,삼성중공업
010520,현대하이스코
010620,현대미포조선
010690,화신
010780,아이에스동서
010950,S-Oil
011070,LG이노텍
011170,롯데케미칼
011200,HMM
011210,현대위아
011780,금호석유
011790,SKC
011810,STX
012330,현대모비스
012450,한화에어로스페이스
012630,HDC
012750,에스원
013570,동양기전
013890,지누스
014680,한솔케미칼
014820,동원시스템즈
014830,유니드
015590,대경기계
015760,한국전력
016360,삼성증권
016380,KG스틸
016800,퍼시스
017670,SK텔레콤
017800,현대엘리베이
017900,광전자
017960,한국카본
018250,애경산업
018260,삼성에스디에스
018880,한온시스템
019170,신풍제약
019680,대교
020000,한섬
020150,일진머티리얼즈
020560,아시아나항공
020760,일진디스플
021240,코웨이
023530,롯데쇼핑
024110,기업은행
025000,KPX케미칼
025540,한국단자
025850,KPX화인케미칼
025860,남해화학
026960,동서
027410,BGF
028050,삼성엔지니어링
028260,삼성물산
028670,팬오션
029530,신도리코
029780,삼성카드
030000,제일기획
030200,KT
031430,신세계인터내셔날
032350,롯데관광개발
032640,LG유플러스
032830,삼성생명
033240,자화전자
033530,세종공업
033780,KT&G
033920,무학
034020,두산에너빌리티
034120,SBS
034220,LG디스플레이
034730,SK
035250,강원랜드
035420,NAVER
035720,카카오
036460,한국가스공사
036570,엔씨소프트
036580,팜스코
037620,미래에셋증권
039130,하나투어
039490,키움증권
042660,대우조선해양
042670,현대두산인프라코어
042700,한미반도체
044820,코스맥스
047040,대우건설
047050,포스코인터내셔널
047810,한국항공우주
049770,동원F&B
051310,포스코플랜텍
051600,한전KPS
051900,LG생활건강
051910,LG화학
052690,한전기술
053000,우리금융
055550,신한지주
057050,현대홈쇼핑
060980,한라홀딩스
064350,현대로템
064420,케이피케미칼
064960,SNT모티브
066570,LG전자
067250,STX조선해양
068270,셀트리온
068870,LG생명과학
069260,TKG휴켐스
069620,대웅제약
069960,현대백화점
071050,한국금융지주
071840,롯데하이마트
071970,STX메탈
073240,금호타이어
077970,STX엔진
078520,에이블씨엔씨
078930,GS
079160,CJ CGV
079430,현대리바트
079550,LIG넥스원
079980,휴비스
081660,휠라홀딩스
082740,두산엔진
084010,대한제강
084870,베이직하우스
085310,엔케이
086280,현대글로비스
086790,하나금융지주
088350,한화생명
090430,아모레퍼시픽
091090,세원셀론텍
093050,LF
093370,후성
096760,JW홀딩스
096770,SK이노베이션
097230,한진중공업
097950,CJ제일제당
100840,S&TC
103130,웅진에너지
103140,풍산
103150,하이트맥주
103590,일진전기
104700,한국철강
105560,KB금융
105630,한세실업
108670,LG하우시스
111770,영원무역
112610,씨에스윈드
114090,GKL
115390,락앤락
120110,코오롱인더
128940,한미약품
137310,에스디바이오센서
138040,메리츠금융지주
138930,BNK금융지주
139480,이마트
145990,삼양사
161390,한국타이어앤테크놀로지
161890,한국콜마
170900,동아에스티
178920,PI첨단소재
180640,한진칼
185750,종근당
192080,더블유게임즈
192400,쿠쿠홀딩스
192820,코스맥스
204320,만도
207940,삼성바이오로직스
214320,이노션
241560,두산밥캣
241590,화승엔터프라이즈
251270,넷마블
259960,크래프톤
267250,HD현대
271560,오리온
271940,일진하이솔루스
272210,한화시스템
282330,BGF리테일
284740,쿠쿠홈시스
285130,SK케미칼
294870,HDC현대산업개발
298020,효성티앤씨
298040,효성중공업
298050,효성첨단소재
300720,한일시멘트
302440,SK바이오사이언스
316140,우리금융지주
323410,카카오뱅크
326030,SK바이오팜
329180,현대중공업
336260,두산퓨얼셀
352820,하이브
361610,SK아이이테크놀로지
373220,LG에너지솔루션
375500,DL이앤씨
377300,카카오페이
381970,케이카
383220,F&F
383800,LX홀딩스
402340,SK스퀘어
